,Alley_Twine_Infinity_Diamond_Ring.jpg,Bunch_Miracle_Plate_Diamond_Ring.jpg,Emily_Platinum_Band_for_Her.jpg,Hillary_Platinum_Band_for_Her.jpg,Ilda_Miracle_Plate_Heart_Diamond_Ring.jpg,Kylie_Interconnected_Diamond_Ring.jpg,Marilyn_Platinum_Band_for_Her.jpg,Napoleon_Platinum_Band_for_Men.jpg
Alley_Twine_Infinity_Diamond_Ring.jpg,0.0,29.124167561531067,34.952422976493835,28.979498147964478,49.59037899971008,22.335904836654663,30.595922470092773,33.78775715827942
Bunch_Miracle_Plate_Diamond_Ring.jpg,29.124167561531067,0.0,21.776874363422394,34.98619198799133,26.276379823684692,59.65862274169922,33.94483029842377,23.508410155773163
Emily_Platinum_Band_for_Her.jpg,34.952422976493835,21.776874363422394,0.0,50.557851791381836,31.22316002845764,17.631366848945618,55.18859624862671,51.44155025482178
Hillary_Platinum_Band_for_Her.jpg,28.979498147964478,34.98619198799133,50.557851791381836,0.0,25.73748230934143,24.517859518527985,83.64264965057373,49.51215386390686
Ilda_Miracle_Plate_Heart_Diamond_Ring.jpg,49.59037899971008,26.276379823684692,31.22316002845764,25.73748230934143,0.0,19.10281777381897,28.392061591148376,26.88407599925995
Kylie_Interconnected_Diamond_Ring.jpg,22.335904836654663,59.65862274169922,17.631366848945618,24.517859518527985,19.10281777381897,0.0,21.478816866874695,15.610788762569427
Marilyn_Platinum_Band_for_Her.jpg,30.595922470092773,33.94483029842377,55.18859624862671,83.64264965057373,28.392061591148376,21.478816866874695,0.0,46.108585596084595
Napoleon_Platinum_Band_for_Men.jpg,33.78775715827942,23.508410155773163,51.44155025482178,49.51215386390686,26.88407599925995,15.610788762569427,46.108585596084595,0.0
